<beans xmlns="http://www.springframework.org/schema/beans"
	xmlns:xsi="http://www.w3.org/2001/XMLSchema-instance" 
	xmlns:context="http://www.springframework.org/schema/context"
	xmlns:util="http://www.springframework.org/schema/util"
	xmlns:p="http://www.springframework.org/schema/p"
	xmlns:mvc="http://www.springframework.org/schema/mvc"
	xmlns:tx="http://www.springframework.org/schema/tx" 
	xsi:schemaLocation="http://www.springframework.org/schema/beans
	 http://www.springframework.org/schema/beans/spring-beans-3.0.xsd
     http://www.springframework.org/schema/context
     http://www.springframework.org/schema/context/spring-context-3.0.xsd
     http://www.springframework.org/schema/util 
     http://www.springframework.org/schema/util/spring-util-3.0.xsd
     http://www.springframework.org/schema/mvc 
     http://www.springframework.org/schema/mvc/spring-mvc.xsd
     http://www.springframework.org/schema/tx 
     http://www.springframework.org/schema/tx/spring-tx-3.2.xsd">
   <context:component-scan base-package="com.cg">
   </context:component-scan>
   <mvc:annotation-driven></mvc:annotation-driven>
   <context:property-placeholder location="classpath:jdbc.properties"/>
   <bean class="org.springframework.web.servlet.view.InternalResourceViewResolver">
         <property name="prefix" value="/WEB-INF/views/"></property>
         <property name="suffix" value=".jsp"></property>
   </bean>
   
   <bean id="ds" class="org.springframework.jdbc.datasource.DriverManagerDataSource">
        <property name="driverClassName" value="${db.driverName}"></property>
        <property name="url" value="${db.url}"></property>
        <property name="username" value="${db.username}"></property>
        <property name="password" value="${db.password}"></property>
    </bean>
    
     <!-- This produces a container-managed EntityManagerFactory;
         rather than application-managed EntityManagerFactory as in case of LocalEntityManagerFactoryBean-->
    <bean id="entityManagerFactoryBean" class="org.springframework.orm.jpa.LocalContainerEntityManagerFactoryBean">
      <property name="dataSource" ref="ds" />
      <!-- This makes /META-INF/persistence.xml is no longer necessary -->
      <property name="packagesToScan" value="com.cg.entities" />
      <!-- JpaVendorAdapter implementation for Hibernate EntityManager.
           Exposes Hibernate's persistence provider and EntityManager extension interface -->
      <property name="jpaVendorAdapter">
         <bean class="org.springframework.orm.jpa.vendor.HibernateJpaVendorAdapter" />
      </property>
      <property name="jpaProperties">
         <props>
            <prop key="hibernate.hbm2ddl.auto">update</prop>
            <prop key="hibernate.show_sql">true</prop>
            <prop key="hibernate.dialect">org.hibernate.dialect.OracleDialect</prop>
         </props>
      </property>
   </bean>
   
  <!-- <bean class = "org.springframework.web.servlet.handler.SimpleMappingExceptionResolver">
      <property name = "exceptionMappings">
         <props>
            <prop key = "com.fundsbank.exception.DataException">exceptionPage</prop>
         </props>
      </property>
     <property name = "defaultErrorView" value = "error"/>
   </bean> --> 
     
    <!-- This transaction manager is appropriate for applications that use a single JPA EntityManagerFactory for transactional data access.
        JTA (usually through JtaTransactionManager) is necessary for accessing multiple transactional resources within the same transaction. -->
    <bean id="transactionManager" class="org.springframework.orm.jpa.JpaTransactionManager">
      <property name="entityManagerFactory" ref="entityManagerFactoryBean" />
   </bean> 
<!-- This is required to handle transactions
	 via Annotations like @Transactional -->
	<tx:annotation-driven transaction-manager="transactionManager"/>
	<!-- Configure to plugin JSON as request and response in method handler -->
	<bean class="org.springframework.web.servlet.mvc.method.annotation.RequestMappingHandlerAdapter">
		<property name="messageConverters">
			<list>
				<ref bean="jsonMessageConverter"/>
			</list>
		</property>
	</bean>
	
	<!-- Configure bean to convert JSON to POJO and vice versa -->
	<bean id="jsonMessageConverter" class="org.springframework.http.converter.json.MappingJackson2HttpMessageConverter">
	</bean>
</beans>